<?xml version="1.0" encoding="UTF-8"?>
<project-private xmlns="http://www.netbeans.org/ns/project-private/1">
    <editor-bookmarks xmlns="http://www.netbeans.org/ns/editor-bookmarks/2" lastBookmarkId="0"/>
    <open-files xmlns="http://www.netbeans.org/ns/projectui-open-files/2">
        <group>
            <file>file:/C:/Users/Alejandro/Documents/NetBeansProjects/RAFA1_/web/css/vistas.css</file>
            <file>file:/C:/Users/Alejandro/Documents/NetBeansProjects/RAFA1_/web/Apuesta.jsp</file>
            <file>file:/C:/Users/Alejandro/Documents/NetBeansProjects/RAFA1_/src/java/MODELO/Conexion.java</file>
        </group>
    </open-files>
</project-private>
